Date,BITO,GLD,SPY,TLT
2021-04-13,,163.42999267578125,400.70849609375,132.7301483154297
2021-04-14,,162.72000122070312,399.3399963378906,132.30841064453125
2021-04-15,,165.35000610351562,403.62994384765625,134.5225372314453
2021-04-16,,166.35000610351562,404.97906494140625,133.4777374267578
2021-04-19,,165.88999938964844,402.9893798828125,133.09437561035156
2021-04-20,,166.47999572753906,400.038818359375,133.70782470703125
2021-04-21,,168.1300048828125,403.8240661621094,133.97618103027344
2021-04-22,,167.0399932861328,400.13592529296875,134.5608367919922
2021-04-23,,166.39999389648438,404.47430419921875,134.24456787109375
2021-04-26,,166.83999633789062,405.3187255859375,134.05287170410156
2021-04-27,,166.4199981689453,405.23138427734375,132.88351440429688
2021-04-28,,166.91000366210938,405.1148986816406,132.96978759765625
2021-04-29,,166.22000122070312,407.6966247558594,132.5768280029297
2021-04-30,,165.66000366210938,405.0178527832031,132.88351440429688
2021-05-03,,167.80999755859375,405.8913269042969,132.9631805419922
2021-05-04,,166.5800018310547,403.3873291015625,133.86549377441406
2021-05-05,,167.27000427246094,403.513427734375,134.0862579345703
2021-05-06,,170.05999755859375,406.73577880859375,134.30703735351562
2021-05-07,,171.58999633789062,409.69598388671875,133.64474487304688
2021-05-10,,172.11000061035156,405.6390686035156,132.29129028320312
2021-05-11,,172.13999938964844,402.0187683105469,131.54254150390625
2021-05-12,,170.42999267578125,393.47784423828125,130.16033935546875
2021-05-13,,171.1300048828125,398.2044372558594,130.36192321777344
2021-05-14,,172.69000244140625,404.3189697265625,131.58096313476562
2021-05-17,,174.6999969482422,403.2901916503906,131.30258178710938
2021-05-18,,175.0399932861328,399.8155822753906,130.9666748046875
2021-05-19,,175.16000366210938,398.7673645019531,130.64990234375
2021-05-20,,175.9600067138672,403.05731201171875,131.7249298095703
2021-05-21,,176.0399932861328,402.72735595703125,132.1472625732422
2021-05-24,,176.35000610351562,406.8328552246094,132.6367950439453
2021-05-25,,177.9499969482422,405.9301452636719,133.86549377441406
2021-05-26,,177.63999938964844,406.73577880859375,133.6351318359375
2021-05-27,,177.7100067138672,406.9492492675781,133.0975799560547
2021-05-28,,178.3800048828125,407.6772155761719,132.88644409179688
2021-06-01,,177.89999389648438,407.3181457519531,132.8565673828125
2021-06-02,,178.77000427246094,407.9586486816406,133.16415405273438
2021-06-03,,175.27000427246094,406.4445495605469,132.664306640625
2021-06-04,,177.16000366210938,410.161865234375,134.48110961914062
2021-06-07,,177.8699951171875,409.7639465332031,134.06777954101562
2021-06-08,,177.32000732421875,409.8512878417969,135.00987243652344
2021-06-09,,176.97999572753906,409.2398376464844,136.2017822265625
2021-06-10,,177.74000549316406,411.1421203613281,137.01885986328125
2021-06-11,,175.74000549316406,411.821533203125,136.79779052734375
2021-06-14,,174.7100067138672,412.7435607910156,135.75003051757812
2021-06-15,,174.0500030517578,411.9865417480469,135.5865936279297
2021-06-16,,171.11000061035156,409.686279296875,135.47120666503906
2021-06-17,,165.85000610351562,409.5504150390625,137.49951171875
2021-06-18,,164.92999267578125,404.025390625,140.08534240722656
2021-06-21,,166.9499969482422,409.8094177246094,137.7397918701172
2021-06-22,,166.25,412.0003356933594,138.0762939453125
2021-06-23,,166.13999938964844,411.50372314453125,137.7206268310547
2021-06-24,,166.0399932861328,413.9381103515625,137.94168090820312
2021-06-25,,166.58999633789062,415.4084167480469,136.50941467285156
2021-06-28,,166.5800018310547,416.2458801269531,137.91282653808594
2021-06-29,,164.8300018310547,416.4698181152344,138.1435546875
2021-06-30,,165.6300048828125,416.8203430175781,138.75877380371094
2021-07-01,,166.1999969482422,419.1281433105469,138.7664794921875
2021-07-02,,167.2899932861328,422.3318176269531,139.60385131835938
2021-07-06,,168.1199951171875,421.5624694824219,141.24014282226562
2021-07-07,,168.75999450683594,423.0522766113281,142.49143981933594
2021-07-08,,168.64999389648438,419.60528564453125,143.04969787597656
2021-07-09,,169.2100067138672,424.0845031738281,141.0380401611328
2021-07-12,,169.0,425.603515625,140.85516357421875
2021-07-13,,169.22000122070312,424.1526184082031,139.77708435058594
2021-07-14,,171.0399932861328,424.78558349609375,141.36524963378906
2021-07-15,,171.07000732421875,423.334716796875,142.92453002929688
2021-07-16,,169.41000366210938,420.0142517089844,142.65504455566406
2021-07-19,,169.61000061035156,413.8115234375,145.7832489013672
2021-07-20,,169.38999938964844,419.7415771484375,144.37794494628906
2021-07-21,,168.75999450683594,423.13995361328125,142.54920959472656
2021-07-22,,169.08999633789062,424.026123046875,143.89671325683594
2021-07-23,,168.55999755859375,428.38848876953125,142.93418884277344
2021-07-26,,168.16000366210938,429.4400634765625,142.51068115234375
2021-07-27,,168.44000244140625,427.4828796386719,144.03147888183594
2021-07-28,,169.2899932861328,427.3075866699219,144.04107666015625
2021-07-29,,171.1699981689453,429.0797424316406,143.2421875
2021-07-30,,169.82000732421875,426.99603271484375,143.91595458984375
2021-08-02,,169.61000061035156,426.1001281738281,145.19961547851562
2021-08-03,,169.49000549316406,429.566650390625,145.27667236328125
2021-08-04,,169.52999877929688,427.4536437988281,145.57546997070312
2021-08-05,,168.86000061035156,430.1606750488281,144.83340454101562
2021-08-06,,164.63999938964844,430.8714599609375,142.41453552246094
2021-08-09,,161.72000122070312,430.5209045410156,141.90377807617188
2021-08-10,,161.77000427246094,431.0565185546875,141.2484588623047
2021-08-11,,164.0,432.1275939941406,141.16171264648438
2021-08-12,,164.0399932861328,433.42266845703125,140.930419921875
2021-08-13,,166.38999938964844,434.2113952636719,143.15660095214844
2021-08-16,,167.22000122070312,435.2338562011719,143.50350952148438
2021-08-17,,166.97000122070312,432.38079833984375,143.4456329345703
2021-08-18,,167.10000610351562,427.64837646484375,143.92752075195312
2021-08-19,,166.61000061035156,428.31048583984375,144.987548828125
2021-08-20,,166.6999969482422,431.7186279296875,145.0839385986328
2021-08-23,,168.72999572753906,435.5162353515625,144.987548828125
2021-08-24,,168.64999389648438,436.2076110839844,143.86004638671875
2021-08-25,,167.47999572753906,437.1228942871094,142.6650848388672
2021-08-26,,167.6699981689453,434.5425109863281,143.06019592285156
2021-08-27,,170.19000244140625,438.427734375,144.03350830078125
2021-08-30,,169.35000610351562,440.3557434082031,144.40940856933594
2021-08-31,,169.69000244140625,439.70330810546875,143.42637634277344
2021-09-01,,169.6999969482422,439.93701171875,143.66668701171875
2021-09-02,,169.25,441.29052734375,144.29388427734375
2021-09-03,,171.05999755859375,441.18341064453125,142.9815673828125
2021-09-07,,167.7100067138672,439.6059265136719,141.77545166015625
2021-09-08,,167.2899932861328,439.07037353515625,142.74037170410156
2021-09-09,,168.02999877929688,437.19110107421875,144.46754455566406
2021-09-10,,167.17999267578125,433.7440185546875,143.19384765625
2021-09-13,,167.74000549316406,434.8540344238281,144.06227111816406
2021-09-14,,168.82000732421875,432.5073547363281,145.80874633789062
2021-09-15,,167.8300018310547,436.1199645996094,145.2974090576172
2021-09-16,,164.02999877929688,435.4286193847656,144.63156127929688
2021-09-17,,163.77000427246094,431.18707275390625,143.93682861328125
2021-09-20,,164.94000244140625,423.99737548828125,145.721923828125
2021-09-21,,166.0399932861328,423.59686279296875,145.5964813232422
2021-09-22,,165.4199981689453,427.7289733886719,146.46490478515625
2021-09-23,,163.50999450683594,432.9258728027344,143.1552276611328
2021-09-24,,163.3000030517578,433.6390380859375,141.75616455078125
2021-09-27,,163.63999938964844,432.3984375,141.23507690429688
2021-09-28,,162.0500030517578,423.684814453125,139.03501892089844
2021-09-29,,161.32000732421875,424.39788818359375,139.27630615234375
2021-09-30,,164.22000122070312,419.2107849121094,139.2570037841797
2021-10-01,,164.58999633789062,424.19268798828125,140.42893981933594
2021-10-04,,165.36000061035156,418.72235107421875,140.0714569091797
2021-10-05,,164.58999633789062,423.0791015625,138.71885681152344
2021-10-06,,165.02999877929688,424.8374328613281,139.5013885498047
2021-10-07,,164.16000366210938,428.51043701171875,138.04254150390625
2021-10-08,,164.22999572753906,427.7289733886719,137.07638549804688
2021-10-11,,163.9199981689453,424.63232421875,136.72860717773438
2021-10-12,,164.66000366210938,423.5870666503906,139.066650390625
2021-10-13,,167.58999633789062,425.1109619140625,140.41921997070312
2021-10-14,,168.0,432.2616271972656,140.9409637451172
2021-10-15,,165.3300018310547,435.55364990234375,140.11972045898438
2021-10-18,,164.9199981689453,436.8431091308594,140.7767333984375
2021-10-19,,165.4499969482422,440.2132873535156,138.83477783203125
2021-10-20,41.410728454589844,166.89999389648438,441.9423522949219,137.89767456054688
2021-10-21,39.06654739379883,166.75,443.0950012207031,137.73338317871094
2021-10-22,37.80355453491211,167.77000427246094,442.6358947753906,139.25027465820312
2021-10-25,38.82734680175781,168.92999267578125,445.0096740722656,139.03768920898438
2021-10-26,38.32980728149414,167.67999267578125,445.41021728515625,140.18739318847656
2021-10-27,36.41618728637695,168.1199951171875,443.43695068359375,142.7379913330078
2021-10-28,37.860965728759766,168.0800018310547,447.715576171875,142.25494384765625
2021-10-29,38.64554977416992,166.64999389648438,448.6240539550781,142.68972778320312
2021-11-01,37.822689056396484,167.52000427246094,449.3957824707031,141.6623077392578
2021-11-02,39.21006774902344,167.16000366210938,451.2127380371094,142.29110717773438
2021-11-03,38.65511703491211,165.77000427246094,453.9674987792969,140.8207244873047
2021-11-04,37.60262680053711,167.64999389648438,456.1068420410156,142.30084228515625
2021-11-05,37.564353942871094,169.83999633789062,457.68939208984375,144.4290313720703
2021-11-08,40.721832275390625,170.4499969482422,458.0800476074219,144.1581573486328
2021-11-09,41.44900131225586,171.2899932861328,456.56597900390625,146.03489685058594
2021-11-10,40.48262405395508,173.14999389648438,452.8929443359375,143.3649444580078
2021-11-11,39.82242965698242,174.1199951171875,453.03948974609375,143.152099609375
2021-11-12,39.34402084350586,174.4499969482422,456.45849609375,142.5232696533203
2021-11-15,39.12395477294922,174.17999267578125,456.6147766113281,140.73365783691406
2021-11-16,36.56927490234375,172.9199981689453,458.4219970703125,140.375732421875
2021-11-17,37.01897430419922,174.5,457.30841064453125,141.48822021484375
2021-11-18,35.50721740722656,173.94000244140625,458.8616027832031,142.02024841308594
2021-11-19,35.411529541015625,172.61000061035156,458.041015625,143.51968383789062
2021-11-22,34.14854049682617,168.74000549316406,456.7515563964844,141.83645629882812
2021-11-23,35.411529541015625,167.27999877929688,457.35723876953125,139.7855987548828
2021-11-24,35.105350494384766,167.1199951171875,458.57830810546875,142.0299530029297
2021-11-26,32.95252990722656,166.85000610351562,448.3505859375,145.61891174316406
2021-11-29,35.46894073486328,166.6199951171875,453.85028076171875,144.4483642578125
2021-11-30,35.009674072265625,165.5,445.0195007324219,146.644287109375
2021-12-01,34.52170181274414,166.16000366210938,440.0765380859375,147.54896545410156
2021-12-02,34.722633361816406,165.24000549316406,446.8168640136719,147.7329559326172
2021-12-03,32.42628479003906,166.6300048828125,442.928955078125,149.49574279785156
2021-12-06,29.70894432067871,166.22000122070312,448.1747131347656,147.44239807128906
2021-12-07,30.74230194091797,166.80999755859375,457.44512939453125,146.2510528564453
2021-12-08,30.857118606567383,166.89999389648438,458.65643310546875,143.72314453125
2021-12-09,28.905223846435547,165.8800048828125,455.5597839355469,144.52706909179688
2021-12-10,29.421903610229492,166.5800018310547,459.84820556640625,144.1784210205078
2021-12-13,28.283300399780273,167.0,455.77471923828125,146.3092041015625
2021-12-14,29.01047706604004,165.44000244140625,452.6389465332031,145.9604949951172
2021-12-15,29.900306701660156,166.14999389648438,459.7114562988281,144.55613708496094
2021-12-16,29.048749923706055,168.16000366210938,455.6575012207031,144.61236572265625
2021-12-17,28.024961471557617,167.8000030517578,450.8079528808594,146.2510223388672
2021-12-20,28.493799209594727,167.08999633789062,446.01434326171875,145.15533447265625
2021-12-21,29.508018493652344,167.02000427246094,453.93511962890625,144.6026611328125
2021-12-22,29.74721908569336,168.58999633789062,458.4739074707031,145.27169799804688
2021-12-23,30.9432315826416,168.97000122070312,461.3265380859375,144.0111541748047
2021-12-27,31.058048248291016,169.3699951171875,467.85528564453125,144.3602294921875
2021-12-28,28.933929443359375,168.63999938964844,467.4729309082031,143.78811645507812
2021-12-29,28.59904670715332,168.58999633789062,468.0709533691406,142.2173614501953
2021-12-30,28.52250099182129,169.8000030517578,466.7769775390625,143.41000366210938
2021-12-31,27.651805877685547,170.9600067138672,465.6005859375,143.6912078857422
2022-01-03,27.69964599609375,168.3300018310547,468.2964172363281,139.91929626464844
2022-01-04,27.957983016967773,169.57000732421875,468.13958740234375,139.33750915527344
2022-01-05,26.446224212646484,169.05999755859375,459.15032958984375,138.58120727539062
2022-01-06,26.101774215698242,166.99000549316406,458.7189636230469,138.93997192382812
2022-01-07,25.26934814453125,167.75,456.9054260253906,137.94122314453125
2022-01-10,25.17366600036621,168.25999450683594,456.33685302734375,138.28060913085938
2022-01-11,25.84343719482422,170.2899932861328,460.4933166503906,139.20175170898438
2022-01-12,26.427091598510742,170.74000549316406,461.7382507324219,138.66844177246094
2022-01-13,25.79559326171875,170.16000366210938,455.3761291503906,139.89990234375
2022-01-14,25.996524810791016,169.6699981689453,455.5624084472656,137.7860870361328
2022-01-18,25.14496421813965,169.38999938964844,447.4945983886719,135.8468017578125
2022-01-19,25.06842041015625,172.0800018310547,442.8479919433594,136.78733825683594
2022-01-20,25.738183975219727,171.64999389648438,437.9465026855469,137.6309356689453
2022-01-21,23.059118270874023,171.08999633789062,429.3493347167969,139.2696075439453
2022-01-24,22.46589469909668,172.02999877929688,431.17266845703125,138.12545776367188
2022-01-25,22.217124938964844,172.5800018310547,425.90850830078125,137.9024658203125
2022-01-26,22.245830535888672,169.7899932861328,424.8399963378906,136.23464965820312
2022-01-27,21.34642791748047,167.60000610351562,422.74212646484375,138.73634338378906
2022-01-28,22.743371963500977,167.10000610351562,433.2410888671875,138.78485107421875
2022-01-31,23.116527557373047,168.08999633789062,441.0442199707031,138.0672607421875
2022-02-01,23.154800415039062,168.22999572753906,444.0243225097656,137.6089630126953
2022-02-02,22.56157684326172,168.83999633789062,448.337646484375,138.0750732421875
2022-02-03,21.853538513183594,168.60000610351562,437.7994689941406,136.9972381591797
2022-02-04,24.4560604095459,168.86000061035156,439.85809326171875,134.97756958007812
2022-02-07,26.62801742553711,170.11000061035156,438.44647216796875,135.0649871826172
2022-02-08,26.714130401611328,170.6300048828125,442.053955078125,134.1619415283203
2022-02-09,27.0107421875,171.2100067138672,448.52392578125,134.41439819335938
2022-02-10,26.541906356811523,170.55999755859375,440.4659118652344,132.27822875976562
2022-02-11,25.49898338317871,173.80999755859375,431.78045654296875,134.2396240234375
2022-02-14,25.384166717529297,174.74000549316406,430.3688049316406,132.56951904296875
2022-02-15,26.599313735961914,173.0800018310547,437.3092956542969,131.06443786621094
2022-02-16,26.5610408782959,174.86000061035156,437.7994689941406,131.84132385253906
2022-02-17,24.590015411376953,177.25,428.4474792480469,132.82196044921875
2022-02-18,24.025497436523438,177.1199951171875,425.6732482910156,134.22021484375
2022-02-22,22.762508392333984,177.49000549316406,421.1050720214844,134.56976318359375
2022-02-23,22.590280532836914,178.2899932861328,413.6352233886719,132.71514892578125
2022-02-24,23.020845413208008,177.13999938964844,419.8600769042969,132.80258178710938
2022-02-25,23.470544815063477,176.5500030517578,429.1238708496094,132.89967346191406
2022-02-28,25.240642547607422,178.3800048828125,428.02593994140625,135.81263732910156
2022-03-01,26.58017921447754,181.6199951171875,421.5069885253906,137.3828887939453
2022-03-02,26.388816833496094,179.72999572753906,429.2611083984375,132.68678283691406
2022-03-03,25.26934814453125,180.8000030517578,427.1240234375,134.0382537841797
2022-03-04,23.70975112915039,183.67999267578125,423.6538391113281,136.3522491455078
2022-03-07,22.542438507080078,186.41000366210938,411.16485595703125,135.31190490722656
2022-03-08,23.106958389282227,191.50999450683594,408.04754638671875,133.95071411132812
2022-03-09,25.18323516845703,185.82000732421875,418.9876403808594,132.63815307617188
2022-03-10,23.786293029785156,186.39999389648438,417.0956726074219,130.73248291015625
2022-03-11,22.982572555541992,185.08999633789062,411.7922668457031,131.1699981689453
2022-03-14,23.269617080688477,182.3000030517578,408.7827453613281,128.10733032226562
2022-03-15,23.872406005859375,178.88999938964844,417.7720642089844,127.88371276855469
2022-03-16,24.551740646362305,180.00999450683594,427.0357971191406,129.1379852294922
2022-03-17,24.542173385620117,180.88999938964844,432.3784484863281,128.17538452148438
2022-03-18,25.288484573364258,179.3000030517578,437.11419677734375,129.74073791503906
2022-03-21,24.73353385925293,180.6699981689453,436.98638916015625,126.73641967773438
2022-03-22,25.4320068359375,179.36000061035156,442.0997314453125,125.11271667480469
2022-03-23,25.3554630279541,181.80999755859375,436.4061584472656,127.85452270507812
2022-03-24,26.436655044555664,183.1300048828125,442.9847106933594,126.85309600830078
2022-03-25,26.7332706451416,182.3800048828125,445.1480712890625,125.09326934814453
2022-03-28,28.82868003845215,179.05999755859375,448.3144226074219,126.16276550292969
2022-03-29,28.685161590576172,179.13999938964844,453.8604431152344,127.11563873291016
2022-03-30,28.22589111328125,180.5800018310547,451.0579833984375,128.10733032226562
2022-03-31,27.32649040222168,180.64999389648438,444.1155700683594,128.41848754882812
2022-04-01,27.85273551940918,179.5,445.374267578125,128.9073028564453
2022-04-04,27.536989212036133,180.3699951171875,449.1896057128906,128.01144409179688
2022-04-05,27.594396591186523,179.24000549316406,443.5157165527344,125.11935424804688
2022-04-06,26.159181594848633,179.66000366210938,439.08087158203125,124.10662841796875
2022-04-07,25.90084457397461,180.33999633789062,441.29339599609375,123.17179870605469
2022-04-08,25.52768898010254,181.47000122070312,440.1134033203125,121.83773803710938
2022-04-11,23.834135055541992,182.3699951171875,432.5908203125,119.90968322753906
2022-04-12,23.432273864746094,183.77000427246094,430.9880065917969,119.74415588378906
2022-04-13,24.561309814453125,184.64999389648438,435.92437744140625,119.98757934570312
2022-04-14,23.80542755126953,184.0399932861328,430.496337890625,117.58238220214844
2022-04-18,24.29340171813965,184.61000061035156,430.67333984375,116.99813079833984
2022-04-19,24.81007957458496,181.82000732421875,437.62554931640625,116.1217269897461
2022-04-20,24.628286361694336,182.7100067138672,437.301025390625,118.45877838134766
2022-04-21,24.628286361694336,182.05999755859375,430.7618103027344,117.58238220214844
2022-04-22,23.566226959228516,180.2899932861328,418.94207763671875,116.84231567382812
2022-04-25,24.01593017578125,177.0500030517578,421.3709411621094,118.01084899902344
2022-04-26,22.829484939575195,177.32000732421875,409.1676940917969,119.19883728027344
2022-04-27,23.183504104614258,175.97999572753906,410.31817626953125,117.67001342773438
2022-04-28,23.862838745117188,176.92999267578125,420.6826171875,117.84529876708984
2022-04-29,22.810348510742188,176.91000366210938,405.135986328125,116.31649017333984
2022-05-02,22.963438034057617,173.6300048828125,407.5746765136719,114.30027770996094
2022-05-03,22.418054580688477,174.08999633789062,409.4430236816406,115.07086181640625
2022-05-04,23.795862197875977,175.8000030517578,421.9117736816406,115.70490264892578
2022-05-05,21.633472442626953,175.1300048828125,406.9158020019531,112.53475952148438
2022-05-06,21.4229736328125,175.4199981689453,404.4869689941406,110.87654113769531
2022-05-09,18.399452209472656,172.8800048828125,391.5364074707031,111.85195922851562
2022-05-10,18.600385665893555,171.4199981689453,392.4410705566406,112.86640167236328
2022-05-11,17.394804000854492,172.82000732421875,386.2066650390625,115.04161071777344
2022-05-12,16.94510269165039,170.1699981689453,385.80352783203125,114.82701110839844
2022-05-13,17.873207092285156,168.7899932861328,395.0272521972656,113.12977600097656
2022-05-16,17.528757095336914,170.39999389648438,393.4244384765625,113.0127182006836
2022-05-17,17.86363983154297,169.3300018310547,401.5173034667969,111.6471176147461
2022-05-18,17.34696388244629,169.4199981689453,385.33148193359375,114.02716827392578
2022-05-19,17.815799713134766,171.91000366210938,382.9715270996094,114.30027770996094
2022-05-20,17.404373168945312,172.02999877929688,383.1387023925781,115.59759521484375
2022-05-23,17.26085090637207,172.8300018310547,390.3072204589844,113.69551086425781
2022-05-24,17.433074951171875,174.1300048828125,387.32769775390625,115.93900299072266
2022-05-25,17.55746078491211,173.0800018310547,390.7497253417969,116.39744567871094
2022-05-26,17.442642211914062,172.75999450683594,398.5574645996094,115.87071990966797
2022-05-27,17.117326736450195,172.85000610351562,408.3416748046875,116.15359497070312
2022-05-31,18.782176971435547,171.13999938964844,406.0505065917969,113.69551086425781
2022-06-01,17.84450340270996,172.22999572753906,402.7661437988281,113.56555938720703
2022-06-02,17.997591018676758,174.35000610351562,410.43621826171875,113.62419128417969
2022-06-03,17.54789161682129,172.5800018310547,403.7003173828125,113.37989807128906
2022-06-06,18.715200424194336,171.82000732421875,404.92950439453125,111.28878784179688
2022-06-07,18.456863403320312,172.94000244140625,408.8136901855469,112.49068450927734
2022-06-08,17.873207092285156,172.77999877929688,404.3689880371094,111.49397277832031
2022-06-09,17.78709602355957,172.22999572753906,394.751953125,111.86529541015625
2022-06-10,17.17473793029785,174.5399932861328,383.3058166503906,111.17152404785156
2022-06-13,13.701517105102539,169.92999267578125,368.75244140625,107.68304443359375
2022-06-14,13.13700008392334,168.57000732421875,367.6412658691406,106.32479095458984
2022-06-15,12.82125186920166,170.77000427246094,372.8824768066406,108.30844116210938
2022-06-16,12.361984252929688,172.69000244140625,360.5415344238281,109.16834259033203
2022-06-17,12.170621871948242,171.27000427246094,361.31878662109375,109.52012634277344
2022-06-21,12.390687942504883,170.6300048828125,370.4144592285156,107.66350555419922
2022-06-22,11.931419372558594,171.30999755859375,369.7428894042969,110.6242904663086
2022-06-23,12.390687942504883,170.25999450683594,373.3673400878906,111.53306579589844
2022-06-24,12.591617584228516,170.08999633789062,385.2381286621094,109.98915100097656
2022-06-27,12.314143180847168,169.89999389648438,383.7666320800781,109.05107879638672
2022-06-28,11.931419372558594,169.6199951171875,375.9251708984375,109.5592041015625
2022-06-29,11.940986633300781,169.49000549316406,375.6190490722656,111.26923370361328
2022-06-30,11.108562469482422,168.4600067138672,372.5673828125,112.24639129638672
2022-07-01,11.443446159362793,168.32000732421875,376.5078430175781,113.39878845214844
2022-07-05,12.084508895874023,164.75,377.2189025878906,114.2897720336914
2022-07-06,12.017532348632812,162.13999938964844,378.492919921875,112.37071228027344
2022-07-07,12.945637702941895,162.22999572753906,384.1616516113281,111.38184356689453
2022-07-08,12.897796630859375,162.3000030517578,383.84564208984375,110.14818572998047
2022-07-11,12.113212585449219,161.42999267578125,379.46075439453125,112.04764556884766
2022-07-12,11.433877944946289,160.8300018310547,376.1029357910156,112.71341705322266
2022-07-13,11.596535682678223,161.60000610351562,374.1277770996094,114.00582885742188
2022-07-14,12.199325561523438,159.3300018310547,373.21917724609375,113.07567596435547
2022-07-15,12.534210205078125,159.00999450683594,380.349609375,113.71209716796875
2022-07-18,12.792548179626465,159.16000366210938,377.20904541015625,112.52738189697266
2022-07-19,13.88331127166748,159.5399932861328,387.40093994140625,111.92034149169922
2022-07-20,14.007696151733398,158.0399932861328,389.8699035644531,112.21407318115234
2022-07-21,13.768494606018066,160.27000427246094,393.84002685546875,114.1526870727539
2022-07-22,13.376201629638672,160.6699981689453,390.1859436035156,116.07171630859375
2022-07-25,12.955205917358398,160.22999572753906,390.6600036621094,114.93595886230469
2022-07-26,12.361984252929688,160.0399932861328,386.0380859375,115.02408599853516
2022-07-27,13.510154724121094,161.6699981689453,396.0621337890625,114.37788391113281
2022-07-28,14.15121841430664,163.63999938964844,401.0296325683594,115.28843688964844
2022-07-29,14.18949031829834,164.10000610351562,406.87615966796875,114.97513580322266
2022-08-01,13.596268653869629,165.02999877929688,405.6712951660156,117.74413299560547
2022-08-02,13.577131271362305,164.0500030517578,402.9949951171875,115.2527084350586
2022-08-03,13.902447700500488,164.4499969482422,409.3056335449219,117.06732177734375
2022-08-04,13.232680320739746,167.1699981689453,409.0291442871094,117.0280990600586
2022-08-05,13.557995796203613,165.2899932861328,408.3377990722656,114.2424087524414
2022-08-08,14.15121841430664,166.69000244140625,407.86376953125,116.08646392822266
2022-08-09,13.615405082702637,167.1999969482422,406.244140625,115.63526153564453
2022-08-10,13.969425201416016,166.77999877929688,414.77685546875,114.87997436523438
2022-08-11,14.333011627197266,166.33999633789062,414.77685546875,112.20219421386719
2022-08-12,14.313876152038574,167.8699951171875,421.7986145019531,113.34001159667969
2022-08-15,14.160785675048828,165.7100067138672,423.5367736816406,113.24191284179688
2022-08-16,14.132081985473633,165.4199981689453,424.3663635253906,113.71275329589844
2022-08-17,13.691949844360352,164.35000610351562,421.3542175292969,112.52588653564453
2022-08-18,13.768494606018066,163.9199981689453,422.5788269042969,112.69263458251953
2022-08-19,12.515073776245117,162.72000122070312,416.90020751953125,110.87801361083984
2022-08-22,12.371551513671875,161.63999938964844,408.2192687988281,110.50530242919922
2022-08-23,12.67773151397705,162.77000427246094,407.23175048828125,109.89713287353516
2022-08-24,12.773411750793457,163.25,408.5353698730469,109.09282684326172
2022-08-25,12.66816234588623,163.75,414.3028869628906,110.61317443847656
2022-08-26,12.046236991882324,161.75999450683594,400.2790832519531,111.44692993164062
2022-08-29,11.787898063659668,161.86000061035156,397.63238525390625,110.52488708496094
2022-08-30,11.653944969177246,160.50999450683594,393.2672119140625,110.7995376586914
2022-08-31,11.826169967651367,159.27000427246094,390.2748107910156,109.74020385742188
2022-09-01,11.625239372253418,157.8699951171875,391.49945068359375,107.73106384277344
2022-09-02,11.653944969177246,159.25999450683594,387.3713073730469,108.34049224853516
2022-09-06,10.974610328674316,158.3300018310547,385.9096984863281,105.65703582763672
2022-09-07,11.156403541564941,159.94000244140625,392.8425598144531,107.32804107666016
2022-09-08,11.386037826538086,158.97999572753906,395.4102783203125,106.22714233398438
2022-09-09,12.60118579864502,159.82000732421875,401.5530700683594,106.46305084228516
2022-09-12,13.251816749572754,160.6300048828125,405.86883544921875,105.5882339477539
2022-09-13,11.950554847717285,158.5399932861328,388.22064208984375,105.8339614868164
2022-09-14,11.749624252319336,157.92999267578125,389.7020263671875,106.19766998291016
2022-09-15,11.634808540344238,154.97999572753906,385.27764892578125,106.12884521484375
2022-09-16,11.539128303527832,155.83999633789062,382.3384094238281,105.24419403076172
2022-09-19,11.481719017028809,155.9600067138672,385.30340576171875,105.48994445800781
2022-09-20,11.146834373474121,155.07000732421875,380.88067626953125,104.43817901611328
2022-09-21,11.165971755981445,155.7899932861328,374.2366638183594,106.18782806396484
2022-09-22,11.357333183288574,155.6999969482422,371.0931396484375,103.47489166259766
2022-09-23,11.051154136657715,153.00999450683594,364.87554931640625,103.89755249023438
2022-09-26,11.29992389678955,151.22999572753906,361.26593017578125,101.91199493408203
2022-09-27,11.23294734954834,151.5399932861328,360.34375,99.22856140136719
2022-09-28,11.529559135437012,154.69000244140625,367.4339904785156,102.5509262084961
2022-09-29,11.443446159362793,154.66000366210938,359.7586669921875,102.0201187133789
2022-09-30,11.472149848937988,154.6699981689453,354.1955261230469,100.70296478271484
2022-10-03,11.539128303527832,158.42999267578125,363.5467224121094,102.30309295654297
2022-10-04,11.979260444641113,160.6999969482422,374.8117980957031,102.0173568725586
2022-10-05,11.87401008605957,159.80999755859375,373.93914794921875,101.04191589355469
2022-10-06,11.81660270690918,159.6300048828125,370.0816955566406,100.48030090332031
2022-10-07,11.443446159362793,157.8800048828125,359.7586669921875,99.5048599243164
2022-10-10,11.28078842163086,155.47999572753906,357.01177978515625,97.95794677734375
2022-10-11,11.156403541564941,155.16000366210938,354.7508544921875,98.39147186279297
2022-10-12,11.261651992797852,155.99000549316406,353.5806884765625,98.874267578125
2022-10-13,11.433877944946289,154.91000366210938,362.9120788574219,97.92838287353516
2022-10-14,11.290356636047363,152.97999572753906,354.64178466796875,97.12044525146484
2022-10-17,11.529559135437012,153.4199981689453,363.7550048828125,96.64749908447266
2022-10-18,11.328629493713379,153.75,368.0289611816406,96.87411499023438
2022-10-19,11.328629493713379,151.69000244140625,365.42095947265625,95.11044311523438
2022-10-20,11.23294734954834,151.4499969482422,362.3567810058594,93.48471069335938
2022-10-21,11.328629493713379,154.14999389648438,371.16259765625,91.79985809326172
2022-10-24,11.424308776855469,153.64999389648438,375.7043151855469,91.04118347167969
2022-10-25,11.998395919799805,154.0,381.7037353515625,93.69161987304688
2022-10-26,12.285439491271973,154.97999572753906,378.8279724121094,95.04147338867188
2022-10-27,12.23759937286377,154.74000549316406,376.8050231933594,96.03662872314453
2022-10-28,12.189757347106934,153.16000366210938,385.76947021484375,95.37647247314453
2022-10-31,12.027099609375,151.91000366210938,382.9829406738281,94.69662475585938
2022-11-01,12.084508895874023,153.4600067138672,381.30706787109375,95.58161926269531
2022-11-02,11.931419372558594,152.38999938964844,371.73773193359375,95.1667709350586
2022-11-03,11.960123062133789,151.80999755859375,367.90997314453125,94.65316772460938
2022-11-04,12.49593734741211,156.47000122070312,373.2053527832031,93.06293487548828
2022-11-07,12.295007705688477,155.85000610351562,376.7752990722656,92.13447570800781
2022-11-08,10.64929485321045,159.4499969482422,378.8081359863281,93.14196014404297
2022-11-09,9.242783546447754,158.64999389648438,371.00390625,93.44813537597656
2022-11-10,10.39095401763916,163.47999572753906,391.3921203613281,97.04344940185547
2022-11-11,9.357600212097168,164.55999755859375,395.1802062988281,96.6878662109375
2022-11-14,9.38630485534668,164.9199981689453,391.8185119628906,96.45081329345703
2022-11-15,9.826437950134277,165.5,395.16033935546875,98.01141357421875
2022-11-16,9.568099021911621,165.1199951171875,392.145751953125,100.15476989746094
2022-11-17,9.72118854522705,163.9199981689453,390.94586181640625,99.09790802001953
2022-11-18,9.702052116394043,162.7899932861328,392.7209167480469,98.41637420654297
2022-11-21,9.175806999206543,161.8800048828125,391.2929382324219,98.83122253417969
2022-11-22,9.367169380187988,162.07000732421875,396.55859375,100.2337875366211
2022-11-23,9.749892234802246,163.0800018310547,399.0575256347656,101.98204040527344
2022-11-25,9.749892234802246,163.22000122070312,398.96826171875,101.6363525390625
2022-11-28,9.558530807495117,161.92999267578125,392.6018981933594,101.92278289794922
2022-11-29,9.72118854522705,162.72999572753906,391.9276123046875,100.72764587402344
2022-11-30,10.237865447998047,164.80999755859375,404.2735595703125,101.46842956542969
2022-12-01,10.084775924682617,167.83999633789062,403.97607421875,104.70992279052734
2022-12-02,10.180458068847656,167.25999450683594,403.510009765625,106.02672576904297
2022-12-05,10.075207710266113,164.38999938964844,396.25115966796875,104.5416030883789
2022-12-06,10.151752471923828,164.83999633789062,390.5392761230469,105.88810729980469
2022-12-07,10.017799377441406,166.3300018310547,389.8748779296875,108.38309478759766
2022-12-08,10.314410209655762,166.47000122070312,392.92913818359375,108.08606719970703
2022-12-09,10.199593544006348,167.05999755859375,389.993896484375,105.27426147460938
2022-12-12,10.257001876831055,165.67999267578125,395.61651611328125,105.61088562011719
2022-12-13,10.620589256286621,168.50999450683594,398.6112976074219,106.63065338134766
2022-12-14,10.658863067626953,168.10000610351562,396.0627746582031,107.08609771728516
2022-12-15,10.4100923538208,165.35000610351562,386.3743896484375,107.5039291381836
2022-12-16,10.046504020690918,166.7899932861328,381.81280517578125,106.30303955078125
2022-12-19,9.87427806854248,166.32000732421875,378.5751647949219,104.5166015625
2022-12-20,10.094345092773438,169.0800018310547,379.09320068359375,102.66069793701172
2022-12-21,10.02736759185791,168.8000030517578,384.7615661621094,102.91873168945312
2022-12-22,10.008231163024902,166.75999450683594,379.2724914550781,102.89888000488281
2022-12-23,10.046504020690918,167.25999450683594,381.4541931152344,101.39033508300781
2022-12-27,9.922118186950684,168.6699981689453,379.9499206542969,99.38555145263672
2022-12-28,9.902982711791992,167.91000366210938,375.2279357910156,98.80000305175781
2022-12-29,9.902982711791992,168.85000610351562,381.982177734375,99.9214859008789
2022-12-30,9.979527473449707,169.63999938964844,380.9759826660156,98.80992126464844
2023-01-03,10.036934852600098,171.05999755859375,379.37213134765625,100.69560241699219
2023-01-04,10.13261604309082,172.6699981689453,382.30096435546875,102.07513427734375
2023-01-05,10.180458068847656,170.52000427246094,377.9375915527344,102.50189208984375
2023-01-06,10.209161758422852,173.7100067138672,386.6044921875,104.38758087158203
2023-01-09,10.4100923538208,174.10000610351562,386.3853454589844,104.94336700439453
2023-01-10,10.601452827453613,174.74000549316406,389.0950012207031,103.20654296875
2023-01-11,10.64929485321045,174.6199951171875,394.0162353515625,104.8838119506836
2023-01-12,11.577400207519531,176.63999938964844,395.45074462890625,106.94815063476562
2023-01-13,11.845306396484375,178.75999450683594,396.9848937988281,105.94575500488281
2023-01-17,13.031749725341797,177.58999633789062,396.2576599121094,105.26094818115234
2023-01-18,12.591617584228516,177.0800018310547,390.0015563964844,107.81158447265625
2023-01-19,12.830820083618164,179.88999938964844,387.16241455078125,107.13671112060547
2023-01-20,13.577131271362305,179.2899932861328,394.3748779296875,105.39989471435547
2023-01-23,14.036399841308594,179.6300048828125,399.1068115234375,104.90365600585938
2023-01-24,13.98855972290039,180.27999877929688,398.6784362792969,106.41221618652344
2023-01-25,13.921584129333496,181.11000061035156,398.827880859375,106.67025756835938
2023-01-26,14.065104484558105,179.47000122070312,403.2111511230469,106.17402648925781
2023-01-27,14.017264366149902,179.22000122070312,404.1376037597656,105.90605163574219
2023-01-30,13.749358177185059,178.75999450683594,399.06695556640625,105.51899719238281
2023-01-31,13.998128890991211,179.41000366210938,404.9345703125,106.36258697509766
2023-02-01,14.29682445526123,181.6699981689453,409.2381286621094,107.64118957519531
2023-02-02,14.47082233428955,177.89999389648438,415.1954040527344,107.7804946899414
2023-02-03,14.142160415649414,173.4600067138672,410.7822570800781,106.1685562133789
2023-02-06,13.919829368591309,173.82000732421875,408.2718200683594,105.38249969482422
2023-02-07,14.026161193847656,173.97999572753906,413.6114501953125,104.53672790527344
2023-02-08,13.78449821472168,174.41000366210938,409.0887145996094,105.03424072265625
2023-02-09,13.252838134765625,173.02999877929688,405.542236328125,104.03922271728516
2023-02-10,13.098172187805176,173.36000061035156,406.4886474609375,102.87505340576172
2023-02-13,13.078839302062988,172.47999572753906,411.2604064941406,103.74071502685547
2023-02-14,13.436501502990723,172.61000061035156,411.0711669921875,103.50190734863281
2023-02-15,14.586821556091309,170.88999938964844,412.40606689453125,102.5367431640625
2023-02-16,14.847817420959473,170.75,406.72772216796875,101.08401489257812
2023-02-17,15.0121488571167,171.25999450683594,405.71160888671875,101.87007904052734
2023-02-21,14.760819435119629,170.6199951171875,397.5726623535156,99.8899917602539
2023-02-22,14.345157623291016,169.66000366210938,397.0247497558594,100.80540466308594
2023-02-23,14.451489448547363,169.57000732421875,399.1366882324219,101.79048156738281
2023-02-24,13.939162254333496,168.35000610351562,394.8729553222656,100.46710205078125
2023-02-27,13.997160911560059,169.00999450683594,396.21783447265625,100.7457046508789
2023-02-28,13.968161582946777,169.77999877929688,394.75341796875,101.20341491699219
2023-03-01,14.047012329101562,170.75999450683594,393.23919677734375,100.11617279052734
2023-03-02,14.095684051513672,170.66000366210938,396.2975158691406,99.22842407226562
2023-03-03,13.326651573181152,172.49000549316406,402.65325927734375,101.63233184814453
2023-03-06,13.375325202941895,171.6199951171875,402.9322204589844,100.84432983398438
2023-03-07,13.190367698669434,168.6199951171875,396.7557678222656,101.46276092529297
2023-03-08,13.209836959838867,168.5399932861328,397.4033203125,101.56250762939453
2023-03-09,12.022217750549316,170.1999969482422,390.0712890625,101.81187438964844
2023-03-10,11.924871444702148,173.8699951171875,384.4427795410156,105.32296752929688
2023-03-13,14.582413673400879,177.86000061035156,383.89483642578125,105.56237030029297
2023-03-14,15.059409141540527,176.8300018310547,390.24066162109375,103.8267593383789
2023-03-15,14.650556564331055,178.2100067138672,387.7999572753906,105.83168029785156
2023-03-16,15.001001358032227,178.57000732421875,394.6039733886719,105.00377655029297
2023-03-17,16.20808982849121,183.77000427246094,389.989990234375,106.57978820800781
2023-03-20,16.71428871154785,183.83999633789062,393.739990234375,105.64216613769531
2023-03-21,16.947919845581055,180.3699951171875,398.9100036621094,104.73446655273438
2023-03-22,15.9841947555542,183.44000244140625,392.1099853515625,106.13092803955078
2023-03-23,17.113407135009766,185.74000549316406,393.1700134277344,106.13092803955078
2023-03-24,16.704553604125977,183.64999389648438,395.75,106.57978820800781
2023-03-27,16.1594181060791,181.9499969482422,396.489990234375,104.07613372802734
2023-03-28,16.43198585510254,183.44000244140625,395.6000061035156,104.26565551757812
2023-03-29,17.025794982910156,182.52999877929688,401.3500061035156,104.05618286132812
2023-03-30,16.772695541381836,184.17999267578125,403.70001220703125,104.53497314453125
2023-03-31,17.05500030517578,183.22000122070312,409.3900146484375,106.10100555419922
2023-04-03,16.760000228881836,184.5399932861328,410.95001220703125,106.5999984741211
2023-04-04,16.829999923706055,187.97999572753906,408.6700134277344,107.12999725341797
2023-04-05,16.84000015258789,187.8300018310547,407.6000061035156,108.25
2023-04-06,16.690000534057617,186.49000549316406,409.19000244140625,108.52999877929688
2023-04-10,17.469999313354492,185.11000061035156,409.6099853515625,106.77999877929688
2023-04-11,18.010000228881836,186.27999877929688,409.7200012207031,107.0
2023-04-12,17.790000915527344,187.19000244140625,408.04998779296875,106.88999938964844
2023-04-13,18.149999618530273,189.5500030517578,411.8999938964844,106.54499816894531
